,tns_name,DM,DM_err,ra,ra_err,dec,dec_err,fluence,fluence_err,flux,flux_err,exp_up,exp_up_err,exp_low,exp_low_err,notes,li_err,rm_fdf,rm_fdf_err,rm_qu,rm_qu_err,rm_mw,rm_mw_err,dm_mw,pa_chi_squared,depol_frac,li,Time_res(s),Fitburst_DM,Fitburst_DM_err,Widths(s),Widths_err(s),Min_width(s),Min_width_err(s),Num_comps,Duration(s),Rel_arrival_time(s),Scattering_600 MHz(ms),Scattering_err(ms),Bandwith (MHz)
0,FRB20181209A,328.5942,0.0098,98.4137,24,68.5794,13,11.1,1.1,16.9,1.7,37.6,1.5,0.0,0.0,-9999,0.011,-110.3,0.051000000000000004,106.8,0.01,-21,8,47,1.79,-9999.0,0.9,2.56e-06,328.5922648221,0.0098205995,[4.76836e-05],[1.5256e-06],4.76836e-05,1.5256e-06,1.0,0.000576,[0.0],0.114,0.004,400.0
1,FRB20181213A,678.693,0.012,127.8826,26,73.9033,18,8.18,0.89,6.34,0.65,30.8,3.7,35.82,0.79,-9999,0.033,10.2,0.092,10.2,0.10300000000000001,-12,6,44,1.92,0.88,1.09,2.048e-05,678.6903789739,0.011709848,"[7.81006e-05, 4.8295000000000004e-05, 7.031500000000001e-05]","[4.0971e-06, 5.8741e-06, 2.4222000000000003e-06]",4.8295000000000004e-05,5.8741e-06,3.0,0.00268288,"[0.0, 0.0005685534, 0.0019263295]",0.167,0.046,400.0
2,FRB20181214C,632.8323,0.003,175.8997,31,60.0573,25,15.2,1.6,4.5,0.48,26.5,1.6,0.0,0.0,-9999,0.028,23.6,0.20600000000000002,23.8,0.168,6,2,41,2.07,1.8,0.6000000000000001,8.192e-05,632.8271107853,0.0066359291,"[0.0003819561, 6.70608e-05]","[1.55724e-05, 9.6295e-06, 1.402e-05]",6.70608e-05,5.706e-06,2.0,0.00688128,"[0.0, 0.0011205827]",1.599,0.199,400.0
3,FRB20181215B,494.044,0.0059,254.6078,24,47.5892,12,12.5,1.3,14.3,1.4,25.93,0.17,0.0,0.0,-9999,0.009000000000000001,8.6,0.022,8.2,0.028,14,4,43,4.43,1.06,1.02,2.56e-06,494.0440286938,0.0059329251,"[1.38378e-05, 4.96127e-05, 0.0001955089, 6.2866e-05]","[2.059e-07, 8.031e-07, 6.1438e-06, 1.9261e-06]",1.38378e-05,2.059e-07,4.0,0.00063488,"[0.0, 4.66705e-05, 0.0003406335, 0.0004225184]",~0.006,0.0,400.0
4,FRB20181219C,647.68,0.041,17.8866,30,14.2603,30,17.5,1.8,3.87,0.44,11.23,0.87,0.0,0.0,-9999,-9999.0,-9999.0,-9999.0,-9999.0,-9999.0,-9,2,43,-9999.0,-9999.0,<0.21,0.00032768,647.7627975304,0.041207717000000005,[0.0006144941],[2.6744800000000002e-05],0.0006144941,2.6744800000000002e-05,1.0,0.01015808,[0.0],1.052,0.112,400.0
5,FRB20181220A,209.5252,0.0081,348.7085,27,48.3457,18,-9999.0,-9999.0,-9999.0,-9999.0,20.96,0.73,0.0,0.0,"The absolute meridian angle is >2 deg, where the primary beam is unmodeled; flux and fluence are not calculated. ",0.024,97.5,0.379,-0.6000000000000001,0.07,-23,11,46,4.09,-9999.0,0.43,2.048e-05,209.516783742,0.008116322700000001,[7.35997e-05],[4.4525e-06],7.35997e-05,4.4525e-06,1.0,0.0013311999999999998,[0.0],0.213,0.01,400.0
6,FRB20181221A,316.249,0.048,230.4724,15,25.8542,16,15.2,1.6,3.29,0.34,20.036,0.087,0.0,0.0,-9999,0.022,39.0,0.366,-44.3,0.427,7,3,42,10.56,-9999.0,0.42,0.00016384,316.2925302092,0.048222878500000003,[0.0004714656],[2.39461e-05],0.0004714656,2.39461e-05,1.0,0.007864320000000001,[0.0],1.383,0.055,133.3
7,FRB20181221B,1394.855,0.012,315.0145,12,80.9405,13,33.7,3.4,23.3,2.3,73.4,4.2,48.1,5.2,-9999,-9999.0,-9999.0,-9999.0,-9999.0,-9999.0,-9999,-9999,-9999,-9999.0,-9999.0,0,5.12e-06,1394.8415789314,0.012101029400000001,[0.0002196191],[4.2526e-06],0.0002196191,4.2526e-06,1.0,0.00162816,[0.0],0.275,0.009,>230.7
8,FRB20181222E,327.989,0.0042,50.3806,20,87.1169,27,30.0,3.1,8.66,0.9,328.8,8.8,176.0,12.0,-9999,0.027,-91.8,0.14300000000000002,-92.9,0.132,-11,8,45,1.5,-9999.0,0.7000000000000001,8.192e-05,327.9489669176,0.0047425415,"[0.0002854223, 0.0004016549, 0.0006340380000000001]","[1.16321e-05, 3.7407800000000005e-05, 3.30859e-05]",0.0002854223,1.16321e-05,3.0,0.04112384,"[0.0, 0.0233961598, 0.0381963061]",0.836,0.041,400.0
9,FRB20181223C,112.4522,0.0096,180.9319,23,27.5498,26,4.43,0.49,2.95,0.31,16.95,0.33,0.0,0.0,-9999,-9999.0,-9999.0,-9999.0,-9999.0,-9999.0,7,6,40,-9999.0,-9999.0,<0.14,0.00016384,112.4945453433,0.0108309479,[0.0005763087],[2.41191e-05],0.0005763087,2.41191e-05,1.0,0.00311296,[0.0],<0.576,0.0,400.0
10,FRB20181224E,581.838,0.012,239.3002,15,7.2503,18,30.0,3.1,13.7,1.4,17.28,0.18,0.0,0.0,-9999,0.015,1.6,0.078,0.7000000000000001,0.08600000000000001,8,6,44,4.7,-9999.0,0.62,2.048e-05,581.8379523851,0.011599794600000001,"[4.8431200000000005e-05, 0.00022153220000000002, 0.0003357457, 0.0001801556, 0.00040401090000000004]","[1.22281e-05, 5.72798e-05, 1.29797e-05, 1.3790500000000001e-05, 1.75715e-05]",4.8431200000000005e-05,1.22281e-05,5.0,0.00743424,"[0.0, 0.0003586329, 0.0012165793, 0.0021744707, 0.0066996009]",~0.066,0.0,400.0
11,FRB20181225A,349.099,0.037,29.4629,24,65.7124,26,24.8,2.6,3.55,0.42,44.83,0.35,0.0,0.0,Event of the repeating source FRB20180916B. ,-9999.0,-9999.0,-9999.0,-9999.0,-9999.0,-9999,-9999,-9999,-9999.0,-9999.0,0,0.00016384,348.7990877239,0.0366582596,"[0.00023144310000000002, 0.0004128003]","[4.52699e-05, 6.27799e-05]",0.00023144310000000002,4.52699e-05,2.0,0.01032192,"[0.0, 0.0042972826000000006]",0.904,0.078,107.9
12,FRB20181226A,348.808,0.01,29.4894,19,65.714,20,9.2,1.0,3.69,0.4,45.06,0.17,0.0,0.0,Event of the repeating source FRB20180916B. ,-9999.0,-9999.0,-9999.0,-9999.0,-9999.0,-9999,-9999,-9999,-9999.0,-9999.0,0,0.00016384,348.8022364574,0.0110628611,"[0.0002126397, 0.0008376866]","[9.6399e-06, 4.52114e-05]",0.0002126397,9.6399e-06,2.0,0.00688128,"[0.0, 0.0045136993]",0.53,0.024,177.8
13,FRB20181226D,385.3383,0.0054,120.0764,13,22.1814,14,8.43,0.86,8.5,0.86,19.1,0.0,0.0,0.0,-9999,0.014,64.6,0.055,64.7,0.054,25,8,66,1.49,1.09,1.0,5.12e-06,385.3347769815,0.0053843908000000005,"[1.3809700000000001e-05, 5.43205e-05, 4.0207300000000004e-05, 3.0108800000000002e-05]","[1.8136e-06, 1.1535e-06, 1.0704e-06, 1.2916e-06]",1.3809700000000001e-05,1.8136e-06,4.0,0.00095744,"[0.0, 0.0002298722, 0.00023496430000000002, 0.00047264700000000003]",0.126,0.003,400.0
14,FRB20181226E,308.776,0.013,297.3697,19,73.7039,22,88.5,9.4,56.0,5.8,59.1,1.3,45.63,0.62,-9999,0.022,-1.0,0.218,-0.2,0.182,0,15,45,1.42,-9999.0,0.5700000000000001,8.192e-05,308.7807791432,0.0135252206,[0.0002917822],[1.43786e-05],0.0002917822,1.43786e-05,1.0,0.00311296,[0.0],0.292,0.034,>154.8
15,FRB20181228B,568.5376,0.0062,254.6073,32,63.736,36,-9999.0,-9999.0,-9999.0,-9999.0,31.1,2.3,0.0,0.0,"The absolute meridian angle is >2 deg, where the primary beam is unmodeled; flux and fluence are not calculated. ",0.051000000000000004,-0.1,0.482,-14.1,0.905,-1,7,43,1.49,-9999.0,0.58,0.00065536,568.5076628958,0.0081496428,[0.0003479148],[4.45892e-05],0.0003479148,4.45892e-05,1.0,0.00917504,[0.0],1.137,0.159,76.2
16,FRB20181229A,955.452,0.017,137.1914,26,41.9665,28,5.59,0.62,1.91,0.22,22.88,0.32,0.0,0.0,-9999,-9999.0,-9999.0,-9999.0,-9999.0,-9999.0,5,1,44,-9999.0,-9999.0,<0.11,0.00032768,955.4300656323,0.0188793635,[0.0001816172],[2.70166e-05],0.0001816172,2.70166e-05,1.0,0.01212416,[0.0],2.337,0.15,400.0
17,FRB20181231A,1376.94,0.27,29.672,72,21.01,100,2.74,0.44,1.03,0.21,16.1,2.0,0.0,0.0,-9999,-9999.0,-9999.0,-9999.0,-9999.0,-9999.0,-33,6,44,-9999.0,-9999.0,<0.69,0.00065536,1376.7791861992,0.26762889630000003,[0.00045698580000000003],[9.61755e-05],0.00045698580000000003,9.61755e-05,1.0,0.00851968,[0.0],1.649,0.701,>199.8
18,FRB20181231B,197.3659,0.009,130.8028,24,56.0239,13,56.3,5.7,24.1,2.4,31.4,0.23,0.0,0.0,-9999,0.011,-9.7,0.047,10.5,0.014,-16,3,45,1.32,-9999.0,0.78,5.12e-06,197.3580521174,0.009009647400000001,[3.92565e-05],[4.836e-06],3.92565e-05,4.836e-06,1.0,0.00211968,[0.0],1.344,0.023,400.0
19,FRB20181231C,556.032,0.022,202.332,49,69.214,42,12.6,1.4,7.22,0.88,47.4,1.0,0.0,0.0,"The correct lobe of the formed beam is uncertain, RA could be shifted by up to +-3/cos(Dec) deg. ",-9999.0,-9999.0,-9999.0,-9999.0,-9999.0,11,5,42,-9999.0,-9999.0,<0.23,0.00032768,556.1128697074,0.0320503045,[0.0002515379],[3.48713e-05],0.0002515379,3.48713e-05,1.0,0.0039321600000000005,[0.0],0.229,0.085,>45.4
20,FRB20190102A,699.06,0.4,7.5613,18,26.7447,22,95.9,9.7,15.5,1.6,15.75,0.49,0.0,0.0,-9999,0.013000000000000001,198.8,0.159,-198.4,0.036000000000000004,-52,8,44,1.3599999999999999,-9999.0,0.74,8.192e-05,699.0479692983,0.4043478106,[0.0011646772],[3.5162e-05],0.0011646772,3.5162e-05,1.0,0.01089536,[0.0],1.028,0.027,>73.9
21,FRB20190102B,367.069,0.037,21.7419,20,21.5075,23,10.7,1.1,5.36,0.57,14.53,0.73,0.0,0.0,-9999,0.03,-13.4,0.131,-13.3,0.033,-41,9,43,0.76,1.1,0.86,8.192e-05,367.0837496388,0.0370757663,[0.00031539100000000004],[1.36255e-05],0.00031539100000000004,1.36255e-05,1.0,0.00352256,[0.0],0.549,0.033,400.0
22,FRB20190103C,1349.28,0.13,104.04,25,11.0347,34,31.3,3.2,4.51,0.5,7.2,1.6,0.0,0.0,-9999,-9999.0,-9999.0,-9999.0,-9999.0,-9999.0,33,22,75,-9999.0,-9999.0,<0.14,0.00065536,1349.0286971705,0.1262211756,[0.0014109149],[8.11402e-05],0.0014109149,8.11402e-05,1.0,0.01507328,[0.0],1.62,0.193,>140.0
23,FRB20190106B,316.536,0.0021,338.0177,24,46.1942,13,25.0,2.5,27.4,2.7,21.89,0.57,0.0,0.0,-9999,0.009000000000000001,-73.2,0.031,73.0,0.033,-133,36,46,11.54,-9999.0,0.91,1.024e-05,316.531040298,0.0021248879,"[1.4588000000000002e-05, 6.81022e-05, 4.49086e-05, 8.38369e-05, 0.0002281328]","[2.889e-07, 1.0251e-06, 1.6815000000000001e-06, 2.7985e-06, 1.82546e-05]",1.4588000000000002e-05,2.889e-07,5.0,0.0013824,"[0.0, 6.144000000000001e-05, 0.00043008, 0.00062464, 0.0009830400000000001]",<0.015,0.0,>376.5
24,FRB20190110A,472.7885,0.0033,67.4579,13,47.4804,14,32.2,3.3,27.3,2.8,11.7,3.0,0.0,0.0,-9999,0.013000000000000001,-31.1,0.052000000000000005,-30.7,0.062,-36,23,54,3.54,-9999.0,0.92,5.12e-06,472.7863853225,0.0033393541,"[2.60536e-05, 1.8894000000000002e-05]","[1.8972e-06, 3.0408e-06]",1.8894000000000002e-05,3.0408e-06,2.0,0.00136192,"[0.0, 0.0006238385]",0.179,0.015,>290.5
25,FRB20190110C,222.011,0.011,249.3278,25,41.4434,26,5.27,0.64,3.36,0.41,13.6,1.9,0.0,0.0,-9999,0.057,118.5,0.252,118.4,0.34900000000000003,8,2,42,2.15,-9999.0,0.96,0.00065536,222.0502469712,0.018273442100000002,[0.0006284895],[3.0247800000000002e-05],0.0006284895,3.0247800000000002e-05,1.0,0.00458752,[0.0],<0.628,0.0,76.2
26,FRB20190111B,1336.866,0.011,259.9929,14,13.5434,17,28.1,2.9,30.8,3.1,18.7,0.0,0.0,0.0,-9999,0.013000000000000001,332.0,0.099,331.9,0.10400000000000001,37,15,46,2.45,-9999.0,0.63,1.024e-05,1336.8640636152,0.0108587179,[0.000130177],[3.8883000000000005e-06],0.000130177,3.8883000000000005e-06,1.0,0.00114688,[0.0],0.19,0.009,>238.5
27,FRB20190115B,748.181,0.026,77.5418,25,82.0083,29,7.82,0.86,3.53,0.39,127.9,1.5,127.9,0.87,-9999,-9999.0,-9999.0,-9999.0,-9999.0,-9999.0,-13,8,45,-9999.0,-9999.0,<0.1,0.00016384,748.1872898638,0.0263259344,"[0.00032484200000000005, 0.0003280018, 0.0005522063000000001]","[6.72461e-05, 2.93529e-05, 6.34357e-05]",0.00032484200000000005,6.72461e-05,3.0,0.00589824,"[0.0, 0.0026601235, 0.0041564584]",<0.325,0.0,400.0
28,FRB20190116A,444.99,0.5,192.27,66,27.164,88,6.5,0.75,0.72,0.14,19.92,0.29,0.0,0.0,Event of the repeating source FRB20190116B. ,-9999.0,-9999.0,-9999.0,-9999.0,-9999.0,-9999,-9999,-9999,-9999.0,-9999.0,0,0.00065536,445.3788996117,0.5820553453,[0.0053088938000000006],[0.0003214532],0.0053088938000000006,0.0003214532,1.0,0.019005440000000002,[0.0],<5.309,0.0,298.4
29,FRB20190117A,393.126,0.047,331.6579,15,17.3688,16,24.0,2.5,6.62,0.68,18.69,0.11,0.0,0.0,Event of the repeating source FRB20190117A. ,-9999.0,-9999.0,-9999.0,-9999.0,-9999.0,-9999,-9999,-9999,-9999.0,-9999.0,0,8.192e-05,393.0795336057,0.0471949269,"[0.0024343340000000002, 0.0006223555000000001]","[None, 1.4821000000000001e-05]",0.0006223555000000001,1.4821000000000001e-05,2.0,0.00999424,"[0.0, 0.0057011859]",0.801,0.047,139.7
30,FRB20190118A,225.1082,0.0047,255.1068,11,11.4984,12,591.0,59.0,448.0,45.0,12.14,0.52,0.0,0.0,-9999,0.004,86.0,0.029,-0.7000000000000001,0.001,41,13,46,2.48,-9999.0,0.45,1.024e-05,225.097090315,0.0047161055000000006,"[0.00012869310000000002, 4.94211e-05]","[5.7331100000000004e-05, 1.46571e-05]",4.94211e-05,3.6480000000000004e-07,2.0,0.00181248,"[0.0, 0.0002899804]",0.258,0.016,400.0
31,FRB20190121A,425.275,0.034,354.5985,14,78.5798,15,36.5,3.7,5.42,0.55,68.5,2.3,4.1,2.1,-9999,0.012,95.5,0.046,95.4,0.063,10,15,46,2.48,1.01,0.97,8.192e-05,425.3048649608,0.034260644800000004,[0.0007477737],[2.0637000000000002e-05],0.0007477737,2.0637000000000002e-05,1.0,0.01032192,[0.0],4.007,0.073,400.0
32,FRB20190122C,690.0325,0.0078,200.4987,12,17.5914,13,115.0,12.0,12.9,1.3,18.6,0.0,0.0,0.0,-9999,0.013000000000000001,50.6,0.021,50.7,0.019,2,3,41,3.73,1.07,1.07,2.048e-05,690.0324780386,0.007841387,"[0.0007425211, 0.0005571283, 9.864740000000001e-05, 0.0018530824000000002, 0.0007791355, 0.0006902337000000001, 0.0057637282]","[0.000179034, 2.99472e-05, 6.5645e-06, 0.0001086531, 4.9456700000000004e-05, 0.0007704448000000001, 0.0005408143]",9.864740000000001e-05,6.5645e-06,7.0,0.027750399999999998,"[0.0, 0.0030958680000000003, 0.007389901900000001, 0.01107974, 0.0146806565, 0.020760509]",~0.272,0.0,400.0
33,FRB20190124B,441.64,0.19,214.7106,30,28.774,36,20.3,2.1,2.31,0.27,17.1,0.24,0.0,0.0,-9999,-9999.0,-9999.0,-9999.0,-9999.0,-9999.0,-9999,-9999,-9999,-9999.0,-9999.0,0,0.00065536,441.5383004494,0.1965700239,[0.0016163507000000001],[0.00011815460000000001],0.0016163507000000001,0.00011815460000000001,1.0,0.02097152,[0.0],5.364,0.465,400.0
34,FRB20190124F,254.7986,0.0045,339.016,14,5.3271,17,32.4,3.3,18.4,1.9,15.6,0.0,0.0,0.0,-9999,0.011,5.0,0.08,4.6,0.088,-4,11,42,3.73,-9999.0,0.72,2.048e-05,254.7986442312,0.0044701276,"[0.0001165485, 5.52492e-05, 8.38279e-05, 2.4695900000000002e-05, 5.20308e-05, 5.8496700000000005e-05]","[3.9934e-06, 9.9652e-06, 3.3376e-06, 1.55821e-05, 1.0474500000000001e-05, 4.8157e-06]",2.4695900000000002e-05,1.55821e-05,6.0,0.0027852800000000002,"[0.0, 0.0004679965, 0.0007999471, 0.0014050929, 0.0017953675000000001, 0.00202502]",~0.183,0.0,400.0
35,FRB20190130B,988.746,0.013,173.7121,14,16.0527,15,24.4,2.5,13.2,1.3,12.83,0.8,0.0,0.0,-9999,0.021,75.5,0.056,77.5,0.027,9,7,41,1.72,-9999.0,1.01,2.048e-05,988.7644883981,0.0131305012,[8.49153e-05],[4.7561e-06],8.49153e-05,4.7561e-06,1.0,0.00376832,[0.0],0.558,0.013,171.4
36,FRB20190131E,279.7981,0.006,206.7288,14,80.7734,18,721.0,74.0,935.0,94.0,109.71,0.87,91.6,2.3,-9999,0.013000000000000001,174.3,0.14200000000000002,-0.6000000000000001,0.012,-29,12,43,1.25,-9999.0,0.38,5.12e-06,279.7943183434,0.0060118789,[7.203500000000001e-05],[2.1492e-06],7.203500000000001e-05,2.1492e-06,1.0,0.00063488,[0.0],0.118,0.005,400.0
37,FRB20190201B,749.072,0.017,118.3688,21,55.4638,22,7.37,0.8,3.29,0.35,21.9,1.9,0.0,0.0,-9999,0.031,-157.2,0.154,-156.6,0.08600000000000001,-3,5,48,3.99,-9999.0,0.77,0.00016384,749.0766597502,0.016900749,[0.0003874],[2.00454e-05],0.0003874,2.00454e-05,1.0,0.00589824,[0.0],0.625,0.055,400.0
38,FRB20190202B,464.8392,0.0039,105.549,24,31.9041,14,-9999.0,-9999.0,-9999.0,-9999.0,11.96,0.92,0.0,0.0,"FRBdetected in a sidelobe of the primary beam, where systematics are not constrained; its position might be affected by unaccounted systematic errors. The absolute meridian angle is >2 deg, where the primary beam is unmodeled; flux and fluence are not calculated. ",0.01,-572.0,0.295,571.3,0.209,2,4,66,20.42,-9999.0,0.31,2.048e-05,464.8392478537,0.0038982259000000003,"[8.27921e-05, 0.0001026089]","[3.3847e-06, 1.56501e-05]",8.27921e-05,3.3847e-06,2.0,0.00147456,"[0.0, 0.00033437150000000004]",0.533,0.014,>329.6
39,FRB20190203A,420.586,0.0057,128.9984,15,70.8421,16,42.4,4.3,12.1,1.2,53.66,0.34,38.83,0.24,-9999,0.016,-341.6,0.109,-337.8,0.134,-16,4,44,2.39,-9999.0,0.64,8.192e-05,420.5499718241,0.0069864491,[0.0005731664],[1.66446e-05],0.0005731664,1.66446e-05,1.0,0.0073728,[0.0],0.821,0.049,400.0
40,FRB20190204B,1464.8415,0.0061,255.7251,35,75.9264,35,6.24,0.69,3.1,0.34,69.9,1.7,44.2,1.7,-9999,0.047,391.5,0.261,391.7,0.258,-23,16,44,2.67,-9999.0,0.85,0.00032768,1464.8349755131,0.008640062,[0.0001336913],[1.60875e-05],0.0001336913,1.60875e-05,1.0,0.00589824,[0.0],1.003,0.086,>220.1
41,FRB20190206A,188.3527,0.0034,246.2702,17,9.3321,21,643.0,65.0,89.3,9.2,18.28,0.13,0.0,0.0,-9999,0.016,-11.8,0.12,-0.30000000000000004,0.06,13,7,45,3.05,-9999.0,0.5700000000000001,0.00016384,188.2726210457,0.008534993000000001,"[0.0011254120000000001, 0.0003966568]","[3.3824e-05, 0.00023296040000000002]",0.0003966568,0.00023296040000000002,2.0,0.011304960000000001,"[0.0, 0.006085957]",1.88,0.085,400.0
42,FRB20190208C,238.3228,0.0051,126.0334,17,83.4001,20,41.9,4.7,57.7,6.0,117.9,4.2,74.9,8.2,-9999,0.025,-77.6,0.127,-80.7,0.133,-15,7,44,0.88,-9999.0,0.73,2.048e-05,238.3221275345,0.0050791919,[2.8095e-05],[2.0281e-06],2.8095e-05,2.0281e-06,1.0,0.0009830400000000001,[0.0],0.103,0.006,>319.1
43,FRB20190210B,624.24,0.012,104.0372,13,23.7992,15,22.9,2.3,16.2,1.6,16.12,0.46,0.0,0.0,-9999,0.012,-359.3,0.098,-359.4,0.09,32,17,76,25.44,-9999.0,0.81,1.024e-05,624.2352593004,0.0122387438,"[0.0003287596, 0.0001548001]","[1.2079e-05, 4.6169e-06]",0.0001548001,4.6169e-06,2.0,0.0024064,"[0.0, 0.0012915813]",0.157,0.005,>129.8
44,FRB20190212B,600.1846,0.0027,139.7677,18,52.2019,19,7.66,0.8,4.44,0.46,24.3,0.99,0.0,0.0,-9999,0.021,175.8,0.188,-175.7,0.191,-10,3,43,2.17,-9999.0,0.73,1.024e-05,600.1805122711,0.002867844,"[8.68294e-05, 8.89745e-05, 0.0006850243]","[4.114e-06, 5.6854e-06, 2.80698e-05]",8.68294e-05,4.114e-06,3.0,0.00167936,"[0.0, 0.0005313845, 0.0007733093]",<0.087,0.0,400.0
45,FRB20190212C,1015.58,0.71,172.4552,32,28.146,38,40.3,4.1,1.79,0.23,7.3,2.7,0.0,0.0,-9999,-9999.0,-9999.0,-9999.0,-9999.0,-9999.0,-9999,-9999,-9999,-9999.0,-9999.0,0,0.00065536,1015.6690085084,0.7073741405,[0.0028475205000000003],[0.0001892733],0.0028475205000000003,0.0001892733,1.0,0.04390912,[0.0],12.388,2.252,>319.1
46,FRB20190213D,1346.68,0.4,338.498,45,52.748,76,19.2,2.1,3.7,0.49,28.15,0.8,0.0,0.0,-9999,0.041,-319.4,0.41200000000000003,318.3,0.494,-126,33,47,3.33,-9999.0,0.89,0.00065536,1346.7621801855,0.4059081107,[0.0023349867],[0.000133273],0.0023349867,0.000133273,1.0,0.01048576,[0.0],<2.335,0.0,>78.6
47,FRB20190214C,532.955,0.014,218.8294,20,19.2882,26,12.8,1.3,3.23,0.34,17.93,0.27,0.0,0.0,-9999,0.029,1169.0,0.14400000000000002,-1169.6,0.095,8,5,42,6.1,-9999.0,0.84,0.00016384,532.8432513856,0.0152037899,[0.0004920116],[3.12874e-05],0.0004920116,3.12874e-05,1.0,0.00753664,[0.0],1.75,0.148,400.0
48,FRB20190217A,798.141,0.037,94.8603,33,43.246,43,6.23,0.69,1.04,0.15,12.4,3.9,0.0,0.0,-9999,0.057,594.0,0.178,595.1,0.305,6,11,62,2.83,0.8,0.9400000000000001,0.00065536,798.139626215,0.039582941600000005,[0.00042530350000000004],[4.7058500000000004e-05],0.00042530350000000004,4.7058500000000004e-05,1.0,0.01507328,[0.0],3.922,0.4,400.0
49,FRB20190224C,497.118,0.016,125.1238,19,19.8146,22,39.4,4.0,4.47,0.49,19.18,0.17,0.0,0.0,-9999,0.021,0.6000000000000001,0.25,0.8,0.259,23,9,63,6.42,-9999.0,0.54,0.00032768,497.1223201046,0.0176696757,[0.000181945],[3.17109e-05],0.000181945,3.17109e-05,1.0,0.01933312,[0.0],8.056,0.77,400.0
50,FRB20190224D,752.8921,0.006,338.0643,16,89.0782,19,13.5,1.4,11.4,1.2,1281.0,21.0,1102.0,23.0,-9999,0.019,-42.5,0.08600000000000001,-41.9,0.094,-16,8,44,24.68,1.04,0.81,1.024e-05,752.8921224803,0.0059923663,"[5.0594000000000004e-05, 9.38904e-05, 3.32414e-05, 4.68312e-05, 0.0005333446]","[1.7036e-06, 1.20252e-05, 8.642600000000001e-06, 4.6268e-06, 2.96941e-05]",3.32414e-05,8.642600000000001e-06,5.0,0.00155648,"[0.0, 0.00025292200000000004, 0.0004554936, 0.0006129419000000001, 0.0009701654000000001]",~0.023,0.0,400.0
51,FRB20190226A,601.5461,0.0071,58.8369,18,31.912,20,5.42,0.6,9.1,0.93,17.17,0.16,0.0,0.0,-9999,0.024,234.4,0.151,-234.1,0.149,23,21,55,2.48,0.96,0.65,1.024e-05,601.5379310418,0.0071296451,[5.29505e-05],[3.0020000000000002e-06],5.29505e-05,3.0020000000000002e-06,1.0,0.0006655999999999999,[0.0],0.159,0.007,400.0
52,FRB20190227A,394.0305,0.008,108.1239,14,56.2749,14,23.0,2.3,7.25,0.74,29.83,0.58,0.0,0.0,-9999,-9999.0,-9999.0,-9999.0,-9999.0,-9999.0,24,11,50,-9999.0,-9999.0,<0.14,4.096e-05,394.0369455086,0.0083623214,"[0.0002143904, 5.04558e-05, 0.000144264, 0.0008146197000000001, 0.00037002970000000004]",[3.3159000000000003e-06],5.04558e-05,6.202e-07,5.0,0.00872448,"[0.0, 0.0012529674000000001, 0.0018796087, 0.0018167665, 0.0027427413]",0.289,0.024,>251.8
53,FRB20190301A,459.439,0.016,313.0391,19,69.7435,21,13.5,1.5,3.34,0.41,41.2,1.2,0.0,0.0,Event of the repeating source FRB20190222A. ,-9999.0,-9999.0,-9999.0,-9999.0,-9999.0,-9999,-9999,-9999,-9999.0,-9999.0,0,0.00065536,459.7829646072,0.0430966168,"[0.0005001079, 0.0010328363, 0.00333587]","[3.32207e-05, 3.8228e-05, 0.00033134900000000004]",0.0005001079,3.32207e-05,3.0,0.01376256,"[0.0, 0.0024593743, 0.0072336105]",<0.5,0.0,133.3
54,FRB20190303B,193.4292,0.0045,128.6877,11,66.0059,11,111.0,11.0,34.4,3.4,32.3,1.5,0.0,0.0,-9999,0.003,31.1,0.012,31.1,0.003,-23,3,44,3.55,-9999.0,0.62,5.12e-06,193.4413513625,0.0045663999,"[7.70611e-05, 9.56365e-05, 0.0004550898]","[5.2299000000000005e-06, 1.1461000000000001e-06, 2.32453e-05]",7.70611e-05,5.2299000000000005e-06,3.0,0.00676864,"[0.0, 0.0010912902, 0.0023409925000000002]",1.303,0.005,400.0
55,FRB20190304A,483.5212,0.0082,118.3675,26,74.6021,18,56.9,5.9,26.5,2.7,68.2,0.21,36.0,1.6,-9999,0.02,-78.0,0.126,78.0,0.121,-12,5,44,1.83,-9999.0,0.5700000000000001,2.048e-05,483.5163112968,0.0082649772,[5.7272100000000003e-05],[6.3207e-06],5.7272100000000003e-05,6.3207e-06,1.0,0.0028262400000000003,[0.0],0.817,0.023,400.0
56,FRB20190304B,469.903,0.019,204.9119,35,24.0913,34,6.9,0.77,3.11,0.35,16.84,0.5,0.0,0.0,-9999,0.046,39.5,0.232,-39.0,0.14100000000000001,5,1,41,1.12,-9999.0,1.03,0.00016384,469.9238800148,0.0193398258,[0.00011130060000000001],[1.8405600000000002e-05],0.00011130060000000001,1.8405600000000002e-05,1.0,0.0057344,[0.0],0.562,0.039,>158.7
57,FRB20190320A,614.25,0.11,61.3282,34,63.361,41,6.11,0.69,2.01,0.25,39.88,0.22,0.0,0.0,-9999,-9999.0,-9999.0,-9999.0,-9999.0,-9999.0,-29,19,49,-9999.0,-9999.0,<0.16,0.00065536,614.0493500164,0.11384551100000001,[0.0008506291],[5.1493600000000004e-05],0.0008506291,5.1493600000000004e-05,1.0,0.00917504,[0.0],1.626,0.163,400.0
58,FRB20190320B,489.5006,0.008,250.5549,15,39.7956,16,11.8,1.2,11.3,1.1,23.1,0.0,0.0,0.0,-9999,0.014,53.3,0.056,53.4,0.057,21,3,42,1.9100000000000001,0.99,0.98,1.024e-05,489.5005754754,0.007994284,"[1.67035e-05, 8.5425e-06, 0.0001032236, 1.59278e-05, 6.5782e-05]","[2.2943e-06, 5.141e-07, 8.002900000000001e-06, 4.6062e-06, 2.2894e-06]",8.5425e-06,5.141e-07,5.0,0.00183296,"[0.0, 0.0001106856, 0.000762972, 0.0011395117, 0.0013900746]",~0.141,0.0,400.0
59,FRB20190320E,299.094,0.021,67.7107,19,89.134,22,17.7,1.9,7.31,0.76,1279.0,22.0,1121.0,19.0,-9999,0.028,-75.1,0.112,75.7,0.015,-17,7,44,1.63,0.85,0.9500000000000001,8.192e-05,299.0712678964,0.021867248500000002,[0.00024303900000000002],[1.37691e-05],0.00024303900000000002,1.37691e-05,1.0,0.0057344,[0.0],1.889,0.094,400.0
60,FRB20190322A,1059.679,0.076,110.564,93,51.176,78,15.3,1.6,0.687,0.095,19.4,3.8,0.0,0.0,-9999,-9999.0,-9999.0,-9999.0,-9999.0,-9999.0,-9999,-9999,-9999,-9999.0,-9999.0,0,0.00065536,1060.2685427227,0.0880736497,[0.0010240732],[0.0001399032],0.0010240732,0.0001399032,1.0,0.03473408,[0.0],15.276,1.274,>327.7
61,FRB20190323B,789.5272,0.0075,192.8926,12,77.1408,12,16.3,1.6,22.3,2.2,64.6,1.7,74.52,0.14,-9999,0.005,229.5,0.018000000000000002,229.1,0.003,-15,8,43,2.5700000000000003,0.9400000000000001,0.91,2.56e-06,789.5272190619,0.0074545232,"[6.6534000000000005e-06, 5.5688e-06, 2.20888e-05]","[3.821e-07, 3.296e-07, 1.1688000000000001e-06]",5.5688e-06,3.296e-07,3.0,0.00068864,"[0.0, 0.0001046472, 0.00023761110000000002]",~0.227,0.0,400.0
62,FRB20190327A,346.5793,0.0073,281.3318,14,34.2765,14,8.9,0.92,7.02,0.71,15.31,0.77,0.0,0.0,-9999,0.015,11.2,0.134,11.2,0.113,61,19,44,3.03,1.18,0.48,5.12e-06,346.5793109927,0.0072588415,"[6.04016e-05, 8.87638e-05]","[4.975000000000001e-06, 3.4471500000000004e-05]",6.04016e-05,4.975000000000001e-06,2.0,0.0011878400000000001,"[0.0, 0.00034370230000000003]",0.444,0.018,400.0
63,FRB20190405B,1113.718,0.067,306.6506,33,88.6207,28,53.3,5.6,8.8,1.0,681.7,8.4,684.9,2.8,-9999,0.026000000000000002,1.8,0.263,2.0,0.258,-22,8,44,5.9,-9999.0,0.46,0.00032768,1113.7094904663,0.0675047213,[0.0005131041],[3.79244e-05],0.0005131041,3.79244e-05,1.0,0.01015808,[0.0],3.054,0.221,>282.3
64,FRB20190410B,642.1523,0.0077,267.6038,14,15.1121,17,359.0,37.0,365.0,37.0,18.28,0.23,0.0,0.0,-9999,-9999.0,-9999.0,-9999.0,-9999.0,-9999.0,-9999,-9999,-9999,-9999.0,-9999.0,0,2.048e-05,642.1522602996,0.0078016492,[0.0001102198],[5.4008e-06],0.0001102198,5.4008e-06,1.0,0.00180224,[0.0],0.205,0.012,>198.6
65,FRB20190411B,1229.4168,0.0067,154.102,48,29.317,119,4.99,0.57,1.54,0.21,14.7,1.5,0.0,0.0,-9999,-9999.0,-9999.0,-9999.0,-9999.0,-9999.0,34,8,40,-9999.0,-9999.0,<0.23,0.00016384,1229.4230851702,0.0118090863,"[0.0003164972, 0.0005347929000000001, 0.0004233207]","[4.8032600000000005e-05, 0.0001538685, 7.55162e-05]",0.0003164972,4.8032600000000005e-05,3.0,0.00458752,"[0.0, 0.0011871521, 0.0028114189000000003]",<0.316,0.0,>228.0
66,FRB20190411C,233.714,0.0082,10.6856,11,20.479,11,91.8,9.2,51.9,5.2,19.202,0.093,0.0,0.0,-9999,0.004,-21.4,0.016,-20.4,0.019,-23,2,43,149.03,-9999.0,0.8,2.56e-06,233.7140044426,0.008217657100000001,"[6.347050000000001e-05, 4.47297e-05, 2.23423e-05, 0.0001077728, 6.277810000000001e-05, 1.85904e-05, 3.44726e-05, 0.0002490512, 2.7867000000000003e-05, 0.0001622343, 0.0001229297]","[6.176e-07, 7.237000000000001e-07, 4.143e-07, 2.3769e-06, 2.1459e-06, 1.9792e-06, 1.8454000000000002e-06, 8.6345e-06, 1.8995e-06, 4.9718e-06, 2.7524e-06]",1.85904e-05,1.9792e-06,11.0,0.00261888,"[0.0, 0.00018233260000000002, 0.00028953400000000004, 0.0004490103, 0.0007726218, 0.0008851784000000001, 0.0010677415, 0.0011904551, 0.0016077542000000002, 0.0019419549000000002, 0.0022424139000000003]",~0.013,0.0,400.0
67,FRB20190412A,364.548,0.013,243.2154,18,61.8405,19,11.5,1.2,3.47,0.37,37.93,0.21,0.0,0.0,-9999,0.021,-168.7,0.191,167.6,0.07,-13,7,43,10.82,1.0,0.74,4.096e-05,364.5570082123,0.013179054400000001,"[0.0002179258, 9.26787e-05, 4.9191100000000004e-05]","[9.7002e-06, 1.0477e-05, 6.1054e-06]",4.9191100000000004e-05,6.1054e-06,3.0,0.00438272,"[0.0, 0.0012884288000000002, 0.0018473641]",0.962,0.031,400.0
68,FRB20190417C,320.2664,0.0043,45.6485,11,71.2554,11,77.9,7.8,105.0,10.0,12.5,9.7,39.66,0.55,-9999,0.001,475.4,0.004,-475.4,0.0,5,11,47,16.88,-9999.0,0.92,2.56e-06,320.2663947092,0.0043112331,"[2.18384e-05, 4.67887e-05]","[2.7499e-06, 9.23e-08]",2.18384e-05,2.7499e-06,2.0,0.00077056,"[0.0, 0.000224484]",~0.145,0.0,400.0
69,FRB20190418A,184.4726,0.0033,65.8093,26,16.0791,33,4.78,0.56,2.87,0.34,18.37,0.28,0.0,0.0,-9999,-9999.0,-9999.0,-9999.0,-9999.0,-9999.0,-40,24,63,-9999.0,-9999.0,<0.28,0.00016384,184.4763859452,0.0086528397,[0.0005942591],[2.5865700000000002e-05],0.0005942591,2.5865700000000002e-05,1.0,0.0024576,[0.0],<0.594,0.0,133.3
70,FRB20190419B,165.128,0.017,256.4518,15,86.7633,19,21.5,2.2,17.6,1.8,302.5,3.1,39.5,2.9,-9999,0.013000000000000001,4.1,0.298,-10.6,0.076,-31,10,44,-9999.0,-9999.0,0.23,2.048e-05,165.1280172597,0.0167998307,"[0.0003800181, 0.00011220820000000001]","[1e-10, 1e-10]",0.00011220820000000001,1e-10,2.0,0.00192512,"[0.0, 0.00045056]",~0.354,0.0,400.0
71,FRB20190420B,846.6459,0.0088,94.443,38,70.074,39,39.5,4.0,3.19,0.37,21.1,9.3,41.4,0.0,-9999,-9999.0,-9999.0,-9999.0,-9999.0,-9999.0,-9999,-9999,-9999,-9999.0,-9999.0,0,0.00065536,846.845858856,0.0088468152,[0.0008027178],[0.0001099385],0.0008027178,0.0001099385,1.0,0.0196608,[0.0],3.218,1.085,>114.6
72,FRB20190423A,242.5998,0.0079,179.4682,11,55.318,11,362.0,36.0,77.9,7.8,28.21,0.55,0.0,0.0,-9999,0.002,23.1,0.006,-22.9,0.007,9,2,41,8.37,-9999.0,0.9500000000000001,2.56e-06,242.5998222522,0.007871626500000001,"[0.0002874178, 0.0005533574]","[1.4377e-06, 6.71e-06]",0.0002874178,1.4377e-06,2.0,0.00850688,"[0.0, 0.0039357457]",~2.353,0.0,>294.4
73,FRB20190423D,496.34,0.95,30.0391,23,84.6806,30,22.0,2.3,1.91,0.22,174.7,5.3,190.5,1.9,-9999,-9999.0,-9999.0,-9999.0,-9999.0,-9999.0,-10,8,45,-9999.0,-9999.0,<0.2,0.00065536,496.3207649551,0.9531279286000001,[0.0018010364000000001],[9.985320000000001e-05],0.0018010364000000001,9.985320000000001e-05,1.0,0.0196608,[0.0],6.586,0.387,400.0
74,FRB20190425A,128.135,0.013,255.6698,11,21.5779,11,30.3,3.0,56.7,5.7,18.44,0.2,0.0,0.0,-9999,0.003,57.3,0.004,57.0,0.002,49,15,44,10.78,1.026,0.9500000000000001,1.024e-05,128.1350434729,0.013375359500000001,"[6.5854000000000005e-06, 2.4759500000000002e-05, 8.309700000000001e-06, 7.717640000000001e-05, 8.0697e-06]","[9.593e-07, 1.3949e-06, 9.099000000000001e-07, 8.42e-08, 7.052e-07]",6.5854000000000005e-06,9.593e-07,5.0,0.00072704,"[0.0, 0.00018434200000000002, 0.00044015, 0.0005581681, 0.0006019228]",~0.03,0.0,400.0
75,FRB20190425B,1031.633,0.013,153.4102,15,88.3676,17,24.9,2.6,21.7,2.2,541.3,5.3,266.0,30.0,-9999,-9999.0,-9999.0,-9999.0,-9999.0,-9999.0,-25,9,44,-9999.0,-9999.0,<0.26,1.024e-05,1031.6269817657,0.0132045541,"[0.0001697462, 0.0001347639]","[1.19613e-05, 4.4321e-06]",0.0001347639,4.4321e-06,2.0,0.00172032,"[0.0, 0.0007937879]",0.188,0.008,>253.8
76,FRB20190427A,455.783,0.011,78.9486,22,7.8184,29,9.2,1.0,6.06,0.65,17.8,0.23,0.0,0.0,-9999,0.034,-523.8,0.245,-524.1,0.272,79,31,72,1.6099999999999999,1.0,0.61,8.192e-05,455.7721293847,0.0111109003,[9.257490000000001e-05],[8.574700000000001e-06],9.257490000000001e-05,8.574700000000001e-06,1.0,0.0027852800000000002,[0.0],0.993,0.056,400.0
77,FRB20190430C,400.35,0.34,277.2066,15,24.765,16,8.63,0.9,3.98,0.42,8.0,2.0,0.0,0.0,-9999,0.022,-76.1,0.93,-70.4,0.457,94,27,45,1.17,-9999.0,1.04,8.192e-05,400.3988839441,0.3432333295,[0.0008338315],[1.56167e-05],0.0008338315,1.56167e-05,1.0,0.00335872,[0.0],<0.834,0.0,196.8
78,FRB20190501B,783.9668,0.0036,261.1994,27,54.2544,19,20.8,2.1,9.65,0.99,20.3,2.0,0.0,0.0,-9999,0.018000000000000002,-121.1,0.076,121.4,0.08700000000000001,12,6,43,3.8,-9999.0,0.88,2.048e-05,783.9739115101,0.0036369014000000002,"[7.69018e-05, 0.0001182396]","[5.5978e-06, 5.6209e-06]",7.69018e-05,5.5978e-06,2.0,0.004096,"[0.0, 0.0030148180000000003]",0.436,0.01,400.0
79,FRB20190502A,625.738,0.014,165.0863,15,59.9156,16,19.0,1.9,5.03,0.51,35.44,0.22,0.0,0.0,-9999,-9999.0,-9999.0,-9999.0,-9999.0,-9999.0,4,2,41,-9999.0,-9999.0,<0.12,4.096e-05,625.7385963374,0.013774383400000001,[0.0007849098],[3.00665e-05],0.0007849098,3.00665e-05,1.0,0.00569344,[0.0],0.926,0.089,400.0
80,FRB20190502B,918.65,0.22,212.0159,33,64.459,38,19.5,2.1,4.13,0.5,10.9,7.2,0.0,0.0,-9999,0.025,126.7,0.723,126.3,0.66,50,8,42,2.75,-9999.0,0.5,0.00065536,918.5421217342,0.2237787471,[0.0019455834],[8.59729e-05],0.0019455834,8.59729e-05,1.0,0.0098304,[0.0],<1.946,0.0,>61.8
81,FRB20190502C,396.8781,0.0092,155.1462,17,82.9981,25,26.5,2.7,19.7,2.0,124.1,4.2,17.8,2.6,-9999,0.018000000000000002,-35.5,0.17,36.5,0.145,-13,5,44,4.52,-9999.0,0.6000000000000001,1.024e-05,396.8751002118,0.0092354224,"[0.0001102421, 1.68698e-05, 1.97858e-05, 6.32897e-05, 5.5134000000000004e-05, 1.88117e-05, 0.00012636790000000001]","[None, 8.969e-07, 1.481e-06, 3.8454000000000005e-06, 2.3695e-06, 1.4008e-06, 4.9177e-06]",1.68698e-05,8.969e-07,7.0,0.00218112,"[0.0, 0.0003283295, 0.0004726808, 0.0006089689, 0.0007785722, 0.001318855, 0.0018012552000000002]",0.045,0.002,400.0
82,FRB20190517C,335.539,0.059,89.4981,13,26.5541,14,-9999.0,-9999.0,-9999.0,-9999.0,18.27,0.34,0.0,0.0,"The absolute meridian angle is >2 deg, where the primary beam is unmodeled; flux and fluence are not calculated. ",-9999.0,-9999.0,-9999.0,-9999.0,-9999.0,-9999,-9999,-9999,-9999.0,-9999.0,0,2.048e-05,335.4939086702,0.059167996300000004,[0.000248512],[5.1114e-06],0.000248512,5.1114e-06,1.0,0.00208896,[0.0],0.25,0.013,400.0
83,FRB20190518C,443.9645,0.0063,241.9646,16,4.6332,21,22.4,2.3,13.2,1.4,17.32,0.22,0.0,0.0,-9999,-9999.0,-9999.0,-9999.0,-9999.0,-9999.0,11,5,45,-9999.0,-9999.0,<0.14,1.024e-05,443.955416187,0.0065256069000000005,"[0.0001220405, 5.8666500000000005e-05]","[9.781e-06, 1.34746e-05]",5.8666500000000005e-05,1.34746e-05,2.0,0.00144384,"[0.0, 0.0004893450000000001]",0.434,0.023,400.0
84,FRB20190519E,693.6215,0.0068,169.627,60,41.709,79,1.48,0.18,3.31,0.37,21.3,1.1,0.0,0.0,-9999,0.061,-17.0,0.31,-17.0,0.441,20,5,37,2.86,-9999.0,1.0,2.048e-05,693.6188386366,0.0067756183,[1.31223e-05],[1.7544e-06],1.31223e-05,1.7544e-06,1.0,0.00036864,[0.0],0.04,0.003,>186.1
85,FRB20190519G,429.49,0.48,306.6143,27,72.4144,30,30.8,3.1,1.52,0.18,55.95,0.94,17.1,3.2,-9999,-9999.0,-9999.0,-9999.0,-9999.0,-9999.0,-9999,-9999,-9999,-9999.0,-9999.0,0,0.00065536,429.9668209965,0.4877964598,"[0.0018894165, 0.0078304207]","[0.0002766827, 0.0003723018]",0.0018894165,0.0002766827,2.0,0.02818048,"[0.0, 0.0076403362]",<1.889,0.0,400.0
86,FRB20190519H,1170.8777,0.0057,339.8638,12,87.3777,12,58.1,5.9,95.6,9.6,181.0,10.0,381.0,2.9,-9999,0.005,-24.8,0.032,-25.0,0.035,-17,10,45,3.32,-9999.0,0.9500000000000001,2.56e-06,1170.8776537846,0.0057048279,"[3.7005800000000004e-05, 6.81191e-05]","[1.2571e-06, 1.703e-06]",3.7005800000000004e-05,1.2571e-06,2.0,0.00054272,"[0.0, 0.0001446061]",~0.12,0.0,>107.1
87,FRB20190604G,232.9981,0.0065,120.8081,15,59.5008,16,14.5,1.5,4.21,0.43,36.06,0.32,0.0,0.0,-9999,0.014,364.4,0.259,364.6,0.389,-8,4,47,9.83,1.2,0.33,8.192e-05,232.9981342101,0.0065471939000000005,"[0.000202377, 0.0002701206, 0.0002437375, 0.0015307871, 4.6523e-05, 0.0003036703]","[1.4876600000000001e-05, 5.60512e-05, 4.60622e-05, 0.0003974877, 1.9552200000000002e-05, 0.0001643794]",4.6523e-05,1.9552200000000002e-05,6.0,0.00745472,"[0.0, 0.0015224608, 0.0022922746, 0.002395079, 0.0048828605, 0.0061507538]",~0.177,0.0,400.0
88,FRB20190605A,349.85,0.46,29.5339,17,65.7161,20,24.4,2.5,3.83,0.4,45.05,0.18,0.0,0.0,Event of the repeating source FRB20180916B. ,-9999.0,-9999.0,-9999.0,-9999.0,-9999.0,-9999,-9999,-9999,-9999.0,-9999.0,0,0.00032768,349.8018821523,0.4615517838,[0.0024647421000000003],[5.63013e-05],0.0024647421000000003,5.63013e-05,1.0,0.01048576,[0.0],<2.465,0.0,196.8
89,FRB20190605B,348.957,0.027,29.4852,16,65.7143,17,49.4,5.0,3.16,0.32,45.06,0.17,0.0,0.0,Event of the repeating source FRB20180916B. ,-9999.0,-9999.0,-9999.0,-9999.0,-9999.0,-9999,-9999,-9999,-9999.0,-9999.0,0,0.00065536,349.0933463148,0.0573454335,"[0.0033137569, 0.0019207491, 0.0031399015000000002, 0.0034759735]","[0.0004056896, 8.494520000000001e-05, 0.0001695122, 0.00029691600000000004]",0.0019207491,8.494520000000001e-05,4.0,0.045219840000000004,"[0.0, 0.0098006638, 0.0125136077, 0.0206078894]",<1.921,0.0,>123.1
90,FRB20190605C,187.7126,0.0046,170.112,12,-5.1578,15,411.0,42.0,490.0,49.0,16.8,0.0,0.0,0.0,-9999,0.007,-64.7,0.09,-0.1,0.038,-2,7,43,4.28,-9999.0,0.32,2.56e-06,187.7101214377,0.004636704,[6.15197e-05],[1.1129e-06],6.15197e-05,1.1129e-06,1.0,0.00061952,[0.0],0.064,0.002,400.0
91,FRB20190606A,552.5516,0.0082,218.714,62,53.313,58,3.2,0.39,1.05,0.17,29.42,0.54,0.0,0.0,Event of the repeating source FRB20190604A. ,-9999.0,-9999.0,-9999.0,-9999.0,-9999.0,-9999,-9999,-9999,-9999.0,-9999.0,0,0.00065536,552.584274072,0.0431036484,[0.0012723499],[9.29009e-05],0.0012723499,9.29009e-05,1.0,0.00589824,[0.0],<1.272,0.0,228.6
92,FRB20190606B,277.671,0.026,108.8065,25,86.8053,31,18.8,2.0,3.0,0.33,319.6,2.8,55.2,3.3,-9999,0.042,16.5,0.127,16.7,0.195,-28,10,44,1.04,0.9500000000000001,0.86,0.00032768,277.496104809,0.0274744274,[0.0003316573],[3.73345e-05],0.0003316573,3.73345e-05,1.0,0.01376256,[0.0],4.776,0.39,400.0
93,FRB20190607B,289.331,0.0018,41.936,37,49.624,40,2.24,0.29,1.65,0.21,28.17,0.41,0.0,0.0,-9999,-9999.0,-9999.0,-9999.0,-9999.0,-9999.0,-1,12,49,-9999.0,-9999.0,<0.37,0.00032768,289.2671075856,0.0023304135,[1.84561e-05],[9.767500000000001e-06],1.84561e-05,9.767500000000001e-06,1.0,0.00425984,[0.0],1.571,0.145,400.0
94,FRB20190608A,722.14,0.013,359.226,43,19.175,49,3.9,0.49,5.97,0.65,18.81,0.13,0.0,0.0,-9999,-9999.0,-9999.0,-9999.0,-9999.0,-9999.0,-32,6,43,-9999.0,-9999.0,<0.21,4.096e-05,722.1284512468,0.0135635346,[0.0001537657],[8.6275e-06],0.0001537657,8.6275e-06,1.0,0.00077824,[0.0],0.105,0.019,400.0
95,FRB20190609A,316.6839,0.0033,21.8256,26,87.7004,23,37.0,3.9,15.8,1.7,446.5,5.0,98.1,4.2,-9999,0.028,42.4,0.129,-44.2,0.193,-16,11,45,1.23,-9999.0,0.86,4.096e-05,316.6809968772,0.0037983156000000002,"[0.0001458072, 0.0010275235]","[4.8358e-06, 0.0001399676]",0.0001458072,4.8358e-06,2.0,0.01036288,"[0.0, 0.007814538900000001]",0.402,0.021,400.0
96,FRB20190609B,292.1743,0.0069,208.3177,24,88.3412,15,30.7,3.1,25.0,2.5,551.6,0.0,348.4,0.0,-9999,0.008,28.1,0.117,29.7,0.12,-26,10,44,4.18,-9999.0,0.30000000000000004,1.024e-05,292.1493266869,0.006890585,"[6.8997e-05, 0.0002493666, 7.04724e-05]","[5.5018e-06, 5.9636e-06, 3.2514000000000003e-06]",6.8997e-05,5.5018e-06,3.0,0.00207872,"[0.0, 0.0010153724, 0.0014956653]",0.115,0.003,400.0
97,FRB20190609C,479.8522,0.0047,73.3278,35,24.098,37,4.12,0.49,2.97,0.36,19.53,0.29,0.0,0.0,-9999,0.064,-5.4,0.28400000000000003,5.1,0.332,-33,13,66,4.14,-9999.0,1.04,8.192e-05,479.854870216,0.0047341967,"[5.2386900000000005e-05, 1.4313400000000001e-05]","[2.239e-06, 1.4233e-06]",1.4313400000000001e-05,1.4233e-06,2.0,0.00229376,"[0.0, 0.0016215980000000001]",0.03,0.003,114.3
98,FRB20190609D,511.559,0.017,118.513,39,51.742,40,23.1,2.7,12.5,1.5,27.82,0.72,0.0,0.0,-9999,0.049,-50.4,0.184,-48.6,0.171,3,6,51,4.36,-9999.0,0.91,8.192e-05,511.5565627961,0.0177417978,[0.00018799500000000002],[2.40729e-05],0.00018799500000000002,2.40729e-05,1.0,0.0036864,[0.0],0.736,0.051,400.0
99,FRB20190611A,190.8,1.5,65.6706,23,73.6545,27,22.9,2.4,1.78,0.21,64.38,0.26,47.47,0.33,Event of the repeating source FRB20180814A. ,-9999.0,-9999.0,-9999.0,-9999.0,-9999.0,-9999,-9999,-9999,-9999.0,-9999.0,0,0.00065536,189.6848298121,1.5430184582000002,"[0.001311386, 0.0013179711]","[7.94631e-05, 0.0001247258]",0.001311386,7.94631e-05,2.0,0.0262144,"[0.0, 0.0112989526]",5.396,0.307,165.1
100,FRB20190612A,433.14,-9999.0,148.0969,31,70.52,36,-9999.0,-9999.0,-9999.0,-9999.0,42.0,2.6,25.8,1.8,"A significant fraction of the signal is outside the time range of the dump, the DM was calculated by maximising the S/N. ",0.043000000000000003,-16.9,0.2,-18.7,0.466,-19,6,43,1.09,-9999.0,0.78,0.0,0.0,0.0,0,0,0.0,0.0,0.0,0.0,0,0,0.0,0
101,FRB20190612B,187.5236,0.0066,222.1114,16,4.3905,23,13.6,1.5,25.2,2.6,16.2,0.0,0.0,0.0,-9999,0.025,2.1,0.064,-0.9,0.082,5,6,43,1.8599999999999999,-9999.0,0.92,2.56e-06,187.5236020625,0.0065883417,[1.41098e-05],[2.645e-07],1.41098e-05,2.645e-07,1.0,8.192e-05,[0.0],~0.016,0.0,209.5
102,FRB20190613A,714.709,0.028,257.4063,29,18.9287,36,12.5,1.3,2.81,0.31,17.21,0.56,0.0,0.0,-9999,-9999.0,-9999.0,-9999.0,-9999.0,-9999.0,49,14,45,-9999.0,-9999.0,<0.29,0.00032768,714.7091521623,0.0283098845,"[0.0005484685, 9.29816e-05]","[4.2126300000000004e-05, 4.5751900000000005e-05]",9.29816e-05,4.5751900000000005e-05,2.0,0.01212416,"[0.0, 0.0038548841000000003]",~2.074,0.0,400.0
103,FRB20190613B,285.0881,0.0045,65.7428,13,42.6817,14,8.81,0.89,17.2,1.7,24.21,0.15,0.0,0.0,-9999,0.009000000000000001,-22.2,0.027,-22.4,0.032,-11,18,56,2.99,-9999.0,0.91,2.56e-06,285.0880970704,0.0045352039000000005,"[1.48146e-05, 2.42566e-05]","[4.2657000000000005e-06, 5.047e-07]",1.48146e-05,4.2657000000000005e-06,2.0,0.00038912,"[0.0, 0.0001159213]",~0.097,0.0,400.0
104,FRB20190614A,1063.9173,0.0063,230.7554,22,88.0029,24,22.1,2.4,13.4,1.4,310.9,4.7,409.0,14.0,-9999,0.023,-1.0,0.248,-1.7000000000000002,0.23600000000000002,-22,9,44,1.37,-9999.0,0.4,4.096e-05,1063.9087267271,0.0066217956,[0.00014753890000000002],[1.37685e-05],0.00014753890000000002,1.37685e-05,1.0,0.00262144,[0.0],0.553,0.042,400.0
105,FRB20190614C,589.11,0.15,356.484,53,35.992,73,4.27,0.48,0.8,0.12,19.2,1.1,0.0,0.0,-9999,-9999.0,-9999.0,-9999.0,-9999.0,-9999.0,-75,10,45,-9999.0,-9999.0,<0.26,0.00065536,589.1117765297,0.1528620208,[0.0027822713],[0.0001988267],0.0027822713,0.0001988267,1.0,0.007864320000000001,[0.0],<2.782,0.0,190.5
106,FRB20190616A,212.5107,0.0054,234.2437,20,34.4844,22,5.5,0.58,4.08,0.43,21.66,0.26,0.0,0.0,-9999,-9999.0,-9999.0,-9999.0,-9999.0,-9999.0,6,2,42,-9999.0,-9999.0,<0.15,2.048e-05,212.5126526331,0.0054860382000000004,"[8.23814e-05, 0.00036676220000000004]","[4.2024e-06, 1.52849e-05]",8.23814e-05,4.2024e-06,2.0,0.0007168,"[0.0, 0.0007402378]",<0.082,0.0,400.0
107,FRB20190617A,195.7492,0.0064,177.7378,11,83.806,11,185.0,19.0,62.0,6.2,150.4,0.0,161.06,0.2,-9999,0.002,-93.1,0.007,94.1,0.001,-15,7,44,48.31,-9999.0,0.87,2.56e-06,195.7492328079,0.0064422346,"[0.0003238078, 7.73697e-05, 0.0001287007, 0.00013806230000000001, 0.0002356582]","[3.6099e-06, 1.7102000000000002e-06, 2.1751e-06, 1.6943e-06, 6.9664e-06]",7.73697e-05,1.7102000000000002e-06,5.0,0.0047615999999999995,"[0.0, 0.0009748738000000001, 0.0016128378, 0.0025233255, 0.0033429261]",~0.378,0.0,400.0
108,FRB20190617B,272.725,0.071,58.0429,17,1.4016,29,124.0,13.0,22.9,2.3,16.8,0.0,0.0,0.0,-9999,0.014,1.7000000000000002,0.188,2.9,0.099,45,14,58,7.33,-9999.0,0.45,8.192e-05,272.7335611066,0.07123375600000001,[0.000645058],[2.6307600000000002e-05],0.000645058,2.6307600000000002e-05,1.0,0.00843776,[0.0],2.114,0.102,399.8
109,FRB20190617C,638.905,0.025,134.289,46,35.742,50,6.7,0.72,0.65,0.096,20.91,0.6,0.0,0.0,-9999,-9999.0,-9999.0,-9999.0,-9999.0,-9999.0,15,4,47,-9999.0,-9999.0,<0.62,0.00065536,639.0342051615,0.0432007777,[0.0011981328],[0.000119536],0.0011981328,0.000119536,1.0,0.02490368,[0.0],6.848,0.713,400.0
110,FRB20190618A,228.9198,0.0057,323.1785,12,25.4747,12,35.3,3.6,38.5,3.9,17.04,0.33,0.0,0.0,-9999,0.006,-61.1,0.054,62.0,0.001,-75,12,44,2.66,-9999.0,0.55,5.12e-06,228.9220626385,0.0057595749,"[0.00012183780000000001, 0.0001052082, 3.19875e-05]","[1.8458100000000002e-05, 3.1241000000000003e-06, 5.591500000000001e-06]",3.19875e-05,5.591500000000001e-06,3.0,0.00175616,"[0.0, 0.0005332071, 0.0012349225]",0.108,0.002,400.0
111,FRB20190619A,899.824,0.01,165.1518,22,68.3139,25,3.49,0.38,2.6,0.29,46.09,0.57,0.0,0.0,-9999,-9999.0,-9999.0,-9999.0,-9999.0,-9999.0,-12,3,42,-9999.0,-9999.0,<0.1,8.192e-05,899.8304788391,0.0107267347,"[0.0001707828, 0.0002168851]","[1.38447e-05, 1.9709600000000002e-05]",0.0001707828,1.38447e-05,2.0,0.0016384,"[0.0, 0.0005392068]",<0.171,0.0,400.0
112,FRB20190619B,270.5489,0.0034,231.5826,24,82.0046,28,6.38,0.68,5.47,0.58,85.8,7.0,127.5,1.1,-9999,0.028,-43.2,0.33,-43.1,0.111,-22,11,44,1.33,-9999.0,0.48,4.096e-05,270.5517243498,0.0036329404,"[0.0001458745, 0.0001408852]","[9.4244e-06, 8.7328e-06]",0.0001408852,8.7328e-06,2.0,0.00126976,"[0.0, 0.0005332345]",<0.141,0.0,400.0
113,FRB20190619C,488.0716,0.0032,39.6424,17,36.2258,18,4.85,0.53,4.41,0.46,17.0,1.1,0.0,0.0,-9999,0.031,-226.9,0.17500000000000002,226.9,0.259,-39,7,47,0.97,1.0,0.97,4.096e-05,488.0716494586,0.0031790295,"[3.48132e-05, 9.860230000000001e-05, 0.0001365781]","[1.46877e-05, 1.10227e-05, 1.02306e-05]",3.48132e-05,1.46877e-05,3.0,0.00221184,"[0.0, 0.0010358755, 0.0014973214000000002]",~0.182,0.0,400.0
114,FRB20190619D,378.77,0.25,114.6547,28,41.7227,28,17.9,1.8,0.92,0.1,12.2,2.6,0.0,0.0,-9999,-9999.0,-9999.0,-9999.0,-9999.0,-9999.0,-9999,-9999,-9999,-9999.0,-9999.0,0,0.00016384,378.5329389437,0.2506120237,[0.0013069531],[0.0001540845],0.0013069531,0.0001540845,1.0,0.013926399999999999,[0.0],7.827,0.408,400.0
115,FRB20190621A,195.937,0.018,188.09,48,74.135,71,3.51,0.43,1.04,0.22,33.0,11.0,37.0,2.4,"Event of the repeating source FRB20180908B. The correct lobe of the formed beam is uncertain, RA could be shifted by up to +-3/cos(Dec) deg. ",-9999.0,-9999.0,-9999.0,-9999.0,-9999.0,-9999,-9999,-9999,-9999.0,-9999.0,0,0.00065536,195.9300925819,0.18496302520000002,[0.0031530177],[0.00024032760000000002],0.0031530177,0.00024032760000000002,1.0,0.011141120000000001,[0.0],<3.153,0.0,57.1
116,FRB20190621B,1061.139,0.019,192.838,68,55.621,71,2.34,0.28,1.43,0.18,31.21,0.33,0.0,0.0,-9999,-9999.0,-9999.0,-9999.0,-9999.0,-9999.0,16,4,41,-9999.0,-9999.0,<0.22,0.00065536,1061.1668119641,0.0264932836,[0.0009126357],[7.32413e-05],0.0009126357,7.32413e-05,1.0,0.0039321600000000005,[0.0],<0.913,0.0,400.0
117,FRB20190621C,570.3418,0.0066,204.9242,17,5.2158,23,141.0,15.0,301.0,30.0,17.89,0.26,0.0,0.0,-9999,0.012,-0.2,0.059000000000000004,-2.1,0.07200000000000001,1,5,42,7.12,-9999.0,0.61,2.56e-06,570.3417714365,0.0066154245000000006,[3.64839e-05],[9.078e-07],3.64839e-05,9.078e-07,1.0,0.00023808,[0.0],0.035,0.003,400.0
118,FRB20190621D,647.32,0.037,278.0152,21,78.8804,26,28.9,3.0,6.33,0.68,94.35,0.42,84.99,0.88,-9999,0.025,760.0,0.22,-759.2,0.203,-46,13,44,3.71,-9999.0,0.48,0.00016384,647.317713265,0.0375565371,[0.0002436223],[2.0840800000000002e-05],0.0002436223,2.0840800000000002e-05,1.0,0.00753664,[0.0],2.217,0.126,400.0
119,FRB20190622A,1122.8073,0.0086,298.467,57,85.781,62,2.43,0.29,3.62,0.4,245.07,0.89,220.4,8.2,-9999,-9999.0,-9999.0,-9999.0,-9999.0,-9999.0,-20,9,44,-9999.0,-9999.0,<0.28,4.096e-05,1122.8027750106,0.0086606514,[3.1146400000000004e-05],[4.7346e-06],3.1146400000000004e-05,4.7346e-06,1.0,0.00073728,[0.0],0.126,0.014,400.0
120,FRB20190623A,1082.163,0.014,270.5694,31,24.495,36,2.44,0.27,3.87,0.41,20.01,0.17,0.0,0.0,-9999,0.042,162.5,0.188,-161.5,0.073,108,19,45,1.4100000000000001,-9999.0,0.86,0.00016384,1082.1698686498,0.0142484285,[0.0001636758],[8.6277e-06],0.0001636758,8.6277e-06,1.0,0.00114688,[0.0],<0.164,0.0,400.0
121,FRB20190623C,1049.936,0.012,193.502,47,86.045,58,5.31,0.72,3.05,0.44,197.0,13.0,243.3,1.0,-9999,-9999.0,-9999.0,-9999.0,-9999.0,-9999.0,-17,8,44,-9999.0,-9999.0,<0.25,0.00032768,1049.8817694148,0.0171772218,[0.0004279081],[3.79749e-05],0.0004279081,3.79749e-05,1.0,0.00458752,[0.0],0.826,0.233,400.0
122,FRB20190624A,973.86,0.14,168.0632,34,69.7932,30,9.5,1.0,1.96,0.22,42.7,0.0,0.0,0.0,-9999,-9999.0,-9999.0,-9999.0,-9999.0,-9999.0,-13,5,42,-9999.0,-9999.0,<0.23,0.00065536,973.7934099619,0.1392670187,[0.0009731749],[6.09421e-05],0.0009731749,6.09421e-05,1.0,0.0131072,[0.0],1.683,0.183,400.0
123,FRB20190624B,213.9474,0.0076,308.6502,23,73.5968,11,1460.0,150.0,2870.0,290.0,62.8,0.0,48.7,0.0,-9999,0.001,-16.5,0.002,4.0,0.0,9,14,45,233.93,-9999.0,0.8,2.56e-06,213.9473854066,0.0076450153,"[1.50248e-05, 8.62819e-05, 5.08671e-05, 5.40173e-05, 8.47065e-05]","[1.929e-06, 8.049300000000001e-06, 5.1389e-06, 1.5513000000000002e-05, 1.78954e-05]",1.50248e-05,1.929e-06,5.0,0.00122112,"[0.0, 0.00018410600000000002, 0.0001122353, 0.00046404970000000004, 0.0009854658]",~0.027,0.0,400.0
124,FRB20190625E,188.606,0.035,65.685,46,73.67,48,140.0,15.0,14.4,2.1,63.78,0.73,46.96,0.56,Event of the repeating source FRB20180814A. ,-9999.0,-9999.0,-9999.0,-9999.0,-9999.0,-9999,-9999,-9999,-9999.0,-9999.0,0,0.00065536,188.5726777622,0.0547601219,"[0.0011323268, 0.0016347795, 0.0011102735000000001]","[8.77708e-05, 0.0001164601, 0.0001471609]",0.0011102735000000001,0.0001471609,3.0,0.03538944,"[0.0, 0.0065111316, 0.0275259773]",<1.11,0.0,69.8
125,FRB20190626A,191.16,0.53,65.701,37,73.669,37,-9999.0,-9999.0,-9999.0,-9999.0,64.02,0.43,47.09,0.34,"Event of the repeating source FRB20180814A. The absolute meridian angle is >2 deg, where the primary beam is unmodeled; flux and fluence are not calculated. ",-9999.0,-9999.0,-9999.0,-9999.0,-9999.0,-9999,-9999,-9999,-9999.0,-9999.0,0,0.00065536,192.1617595724,0.5859773095,[0.0082831277],[0.0003913071],0.0082831277,0.0003913071,1.0,0.02555904,[0.0],<8.283,0.0,63.5
126,FRB20190627A,404.257,0.099,196.028,67,0.98,149,26.1,3.3,31.9,3.7,15.7,0.0,0.0,0.0,-9999,0.082,-48.3,0.61,49.4,0.707,-10,6,42,0.6900000000000001,-9999.0,1.02,0.00016384,404.2567000381,0.0990496483,[0.0001702193],[2.32875e-05],0.0001702193,2.32875e-05,1.0,0.00147456,[0.0],~0.276,0.0,>80.5
127,FRB20190627C,968.497,0.014,267.7766,25,71.6293,16,13.2,1.4,6.25,0.64,55.21,0.54,35.32,0.59,-9999,0.018000000000000002,69.1,0.061,68.5,0.065,12,20,44,1.4,1.09,0.93,2.048e-05,968.5047146462,0.0137191848,"[0.00019555980000000002, 0.0005998609]","[1.25854e-05, None]",0.00019555980000000002,1.25854e-05,2.0,0.0032358400000000002,"[0.0, 0.0025734767]",1.195,0.033,400.0
128,FRB20190627D,2000.308,0.032,295.431,104,43.856,91,8.57,0.96,0.61,0.16,24.37,0.49,0.0,0.0,-9999,-9999.0,-9999.0,-9999.0,-9999.0,-9999.0,-59,40,45,-9999.0,-9999.0,<0.59,0.0,0.0,0.0,0,0,0.0,0.0,0.0,0.0,0,0,0.0,0
129,FRB20190628A,745.7895,0.0079,199.164,38,51.696,41,2.19,0.27,2.16,0.25,27.28,0.65,0.0,0.0,-9999,0.063,23.6,0.274,23.7,0.335,7,1,41,1.23,0.9,0.93,0.00016384,745.7919470043,0.0092807637,[0.00029057240000000004],[2.28146e-05],0.00029057240000000004,2.28146e-05,1.0,0.00147456,[0.0],<0.291,0.0,400.0
130,FRB20190628B,407.987,0.022,249.194,41,80.093,48,7.18,0.86,3.97,0.47,7.9,6.3,80.0,3.4,-9999,0.053,19.2,0.252,19.7,0.289,-23,13,44,3.91,-9999.0,0.8,0.00032768,408.0286747756,0.024045527900000002,[0.0007595756000000001],[4.63721e-05],0.0007595756000000001,4.63721e-05,1.0,0.00425984,[0.0],<0.76,0.0,400.0
131,FRB20190628C,1746.79,0.27,11.453,101,48.591,99,-9999.0,-9999.0,-9999.0,-9999.0,7.7,6.5,0.0,0.0,"A significant fraction of the signal is outside the time range of the dump. The correct lobe of the formed beam is uncertain, RA could be shifted by up to +-3/cos(Dec) deg. ",-9999.0,-9999.0,-9999.0,-9999.0,-9999.0,5,13,46,-9999.0,-9999.0,<0.6,0.0,0.0,0.0,0,0,0.0,0.0,0.0,0.0,0,0,0.0,0
132,FRB20190629A,503.541,0.031,4.877,45,12.501,52,23.7,2.5,6.82,0.8,9.3,1.9,0.0,0.0,-9999,-9999.0,-9999.0,-9999.0,-9999.0,-9999.0,-9999,-9999,-9999,-9999.0,-9999.0,0,0.00065536,503.6046095603,0.032896850400000004,[0.0003559845],[5.98167e-05],0.0003559845,5.98167e-05,1.0,0.00589824,[0.0],1.405,0.275,400.0
133,FRB20190630B,651.71,0.32,328.3149,13,42.9525,13,62.6,6.3,3.62,0.37,22.34,0.39,0.0,0.0,-9999,0.01,6.7,0.042,7.0,0.055,-205,102,46,3.9,-9999.0,0.98,4.096e-05,652.0266153835,0.31867968080000003,[0.0014920722],[3.91271e-05],0.0014920722,3.91271e-05,1.0,0.022241280000000002,[0.0],12.974,0.191,400.0
134,FRB20190630C,1660.207,0.012,67.3687,22,80.9195,29,14.7,1.5,8.61,0.88,10.0,4.0,80.5,3.2,-9999,0.02,641.0,0.34700000000000003,641.7,0.233,-8,8,45,2.04,-9999.0,0.47000000000000003,8.192e-05,1660.2184554367,0.012177794700000001,[9.95873e-05],[9.1249e-06],9.95873e-05,9.1249e-06,1.0,0.00385024,[0.0],0.31,0.021,>139.6
135,FRB20190630D,323.5402,0.0025,143.4744,19,8.814,25,7.97,0.86,5.72,0.61,16.38,0.27,0.0,0.0,-9999,0.027,5.1,0.225,4.8,0.219,12,8,48,12.94,-9999.0,0.59,4.096e-05,323.5401629102,0.0025394811,"[9.59411e-05, 0.0004127727, 4.4476000000000006e-05]","[9.003400000000001e-06, 1.62445e-05, 3.6967e-06]",4.4476000000000006e-05,3.6967e-06,3.0,0.00188416,"[0.0, 0.0007916751000000001, 0.0012206749]",~0.017,0.0,374.6
136,FRB20190701A,637.0911,0.0085,277.242,43,59.029,56,1.89,0.23,2.3,0.26,35.39,0.34,0.0,0.0,-9999,0.051000000000000004,-154.5,0.219,154.3,0.197,16,11,44,2.2800000000000002,1.1,0.92,4.096e-05,637.0881149722,0.0086522176,[0.0001240804],[7.48e-06],0.0001240804,7.48e-06,1.0,0.00073728,[0.0],<0.124,0.0,400.0
137,FRB20190701B,749.0932,0.0078,302.1952,20,80.0913,24,8.52,0.96,7.15,0.76,86.5,4.4,97.14,0.95,-9999,0.034,-534.3,0.23800000000000002,-533.5,0.47800000000000004,4,10,45,1.6600000000000001,-9999.0,0.67,2.048e-05,749.0963972449,0.0077846959,"[2.76915e-05, 0.00030829880000000004]","[2.0232e-06, 2.5284800000000002e-05]",2.76915e-05,2.0232e-06,2.0,0.0014131200000000001,"[0.0, 0.0003870109]",0.12,0.006,400.0
138,FRB20190701C,973.794,0.014,83.798,34,81.594,42,20.9,2.6,14.6,1.7,124.78,0.67,58.0,10.0,-9999,-9999.0,-9999.0,-9999.0,-9999.0,-9999.0,-21,10,45,-9999.0,-9999.0,<0.43,0.00032768,973.8096451732,0.0146874932,[0.0002363485],[1.79562e-05],0.0002363485,1.79562e-05,1.0,0.0039321600000000005,[0.0],0.41,0.056,400.0
139,FRB20190701D,933.319,0.027,111.7658,16,66.7667,17,19.8,2.0,3.08,0.32,39.3,1.0,0.0,0.0,-9999,0.022,-138.7,0.084,137.0,0.045,-20,10,46,1.51,-9999.0,0.75,0.00016384,933.3916777706,0.027945806,[0.0004272476],[2.6721600000000002e-05],0.0004272476,2.6721600000000002e-05,1.0,0.01376256,[0.0],2.145,0.081,400.0
